{
	"format_version": "1.8.0",
	"animations": {
		"drill_mode_on": {
			"loop": "hold_on_last_frame",
			"animation_length": 0.5,
			"bones": {
				"drill": {
					"position": {
						"0.0": {
							"post": [0, 0, 0],
							"lerp_mode": "catmullrom"
						},
						"0.375": {
							"post": [-8.20261, -3.01702, -0.01421],
							"lerp_mode": "catmullrom"
						}
					}
				},
				"drill2": {
					"rotation": {
						"0.0": {
							"post": [0, 0, 0],
							"lerp_mode": "catmullrom"
						},
						"0.375": [0.64606, -4.95729, 0.06641]
					},
					"position": {
						"0.0": {
							"post": [0, 0, 0],
							"lerp_mode": "catmullrom"
						},
						"0.375": {
							"post": [-0.37718, -1.98797, -8.41689],
							"lerp_mode": "catmullrom"
						}
					}
				},
				"hand2": {
					"position": {
						"0.0": {
							"post": [0, 0, 0],
							"lerp_mode": "catmullrom"
						},
						"0.375": {
							"post": [-0.09728, 0.50647, 1.73585],
							"lerp_mode": "catmullrom"
						}
					}
				},
				"hand": {
					"position": {
						"0.0": {
							"post": [0, 0, 0],
							"lerp_mode": "catmullrom"
						},
						"0.375": {
							"post": [1.75447, 0.21166, -0.21932],
							"lerp_mode": "catmullrom"
						}
					}
				}
			}
		},
		"tectonic.shock": {
			"animation_length": 1.5,
			"bones": {
				"armorLeftArm": {
					"rotation": {
						"0.0": {
							"vector": [0, 0, 0]
						},
						"0.2083": {
							"pre": {
								"vector": [0, 0, -62.5]
							},
							"post": {
								"vector": [0, 0, -62.5]
							},
							"lerp_mode": "catmullrom"
						},
						"0.5833": {
							"post": {
								"vector": [24.08961, -13.50177, -61.73947]
							},
							"lerp_mode": "catmullrom"
						},
						"0.75": {
							"post": {
								"vector": [-55.83361, 21.97564, -77.81592]
							},
							"lerp_mode": "catmullrom"
						},
						"0.9583": {
							"post": {
								"vector": [-55.83361, 21.97564, -77.81592]
							},
							"lerp_mode": "catmullrom"
						},
						"1.4583": {
							"post": {
								"vector": [0, 0, 0]
							},
							"lerp_mode": "catmullrom"
						}
					},
					"position": {
						"0.0": {
							"vector": [0, 0, 0]
						},
						"1.4583": {
							"pre": {
								"vector": [0, 0, 0]
							},
							"post": {
								"vector": [0, 0, 0]
							},
							"lerp_mode": "catmullrom"
						}
					}
				},
				"armorRightArm": {
					"rotation": {
						"0.0": {
							"vector": [0, 0, 0]
						},
						"0.2083": {
							"pre": {
								"vector": [0, 0, 72.5]
							},
							"post": {
								"vector": [0, 0, 72.5]
							},
							"lerp_mode": "catmullrom"
						},
						"0.5833": {
							"post": {
								"vector": [31.28223, 9.29798, 75.10851]
							},
							"lerp_mode": "catmullrom"
						},
						"0.75": {
							"post": {
								"vector": [-64.97044, -28.15449, 82.68581]
							},
							"lerp_mode": "catmullrom"
						},
						"0.9583": {
							"post": {
								"vector": [-64.97044, -28.15449, 82.68581]
							},
							"lerp_mode": "catmullrom"
						},
						"1.4583": {
							"post": {
								"vector": [0, 0, 0]
							},
							"lerp_mode": "catmullrom"
						}
					},
					"position": {
						"0.0": {
							"vector": [0, 0, 0]
						},
						"1.4583": {
							"pre": {
								"vector": [0, 0, 0]
							},
							"post": {
								"vector": [0, 0, 0]
							},
							"lerp_mode": "catmullrom"
						}
					}
				}
			}
		},
		"drill_mode_off": {
			"loop": "hold_on_last_frame",
			"animation_length": 0.5,
			"bones": {
				"drill": {
					"position": {
						"0.0": {
							"post": [-8.20261, -3.01702, -0.01421],
							"lerp_mode": "catmullrom"
						},
						"0.375": {
							"post": [0, 0, 0],
							"lerp_mode": "catmullrom"
						}
					}
				},
				"drill2": {
					"rotation": {
						"0.0": [0.64606, -4.95729, 0.06641],
						"0.375": {
							"pre": [0, 0, 0],
							"post": [0, 0, 0],
							"lerp_mode": "catmullrom"
						}
					},
					"position": {
						"0.0": {
							"post": [-0.37718, -1.98797, -8.41689],
							"lerp_mode": "catmullrom"
						},
						"0.375": {
							"post": [0, 0, 0],
							"lerp_mode": "catmullrom"
						}
					}
				},
				"hand2": {
					"position": {
						"0.0": {
							"post": [-0.09728, 0.50647, 1.73585],
							"lerp_mode": "catmullrom"
						},
						"0.375": {
							"post": [0, 0, 0],
							"lerp_mode": "catmullrom"
						}
					}
				},
				"hand": {
					"position": {
						"0.0": {
							"post": [1.75447, 0.21166, -0.21932],
							"lerp_mode": "catmullrom"
						},
						"0.375": {
							"post": [0, 0, 0],
							"lerp_mode": "catmullrom"
						}
					}
				}
			}
		}
	},
	"geckolib_format_version": 2
}