{
	"format_version": "1.12.0",
	"minecraft:geometry": [
		{
			"description": {
				"identifier": "geometry.armadrillo",
				"texture_width": 16,
				"texture_height": 16,
				"visible_bounds_width": 5,
				"visible_bounds_height": 8,
				"visible_bounds_offset": [0, 3, 0]
			},
			"bones": [
				{
					"name": "armorHead",
					"pivot": [0.4564, 30.09836, -3.6],
					"rotation": [7.5, 0, 0]
				},
				{
					"name": "armorBody",
					"pivot": [0.2064, 22.09836, -1],
					"cubes": [
						{
							"origin": [4.742, 22.2501, -5.6066],
							"size": [2.1638, 2.1638, 1.0893],
							"inflate": 0.1,
							"pivot": [5.11725, 24.50739, -5.32833],
							"rotation": [5, 0, 0],
							"uv": {
								"north": {"uv": [0, 0], "uv_size": [9, 9]},
								"east": {"uv": [12, 0], "uv_size": [1, 2]},
								"south": {"uv": [13, 0], "uv_size": [2, 2]},
								"west": {"uv": [11, 0], "uv_size": [1, 2]},
								"up": {"uv": [9, 0], "uv_size": [2, 1]},
								"down": {"uv": [10, 2], "uv_size": [2, -1]}
							}
						}
					]
				},
				{
					"name": "armorLeftArm",
					"pivot": [12.7064, 27.12336, -1.55]
				},
				{
					"name": "armorRightArm",
					"pivot": [-12.1564, 27.12336, -1]
				},
				{
					"name": "armorLeftLeg",
					"pivot": [-2.4686, 12.94836, 0.1]
				},
				{
					"name": "armorRightLeg",
					"pivot": [2.9436, 13.12336, 0.2]
				}
			]
		}
	]
}