{
	"format_version": "1.12.0",
	"minecraft:geometry": [
		{
			"description": {
				"identifier": "geometry.armadrillo.badge",
				"texture_width": 16,
				"texture_height": 16,
				"visible_bounds_width": 5,
				"visible_bounds_height": 8,
				"visible_bounds_offset": [0, 3, 0]
			},
			"bones": [
				{
					"name": "armorHead",
					"pivot": [0.2064, 32.09836, -0.25]
				},
				{
					"name": "armorBody",
					"pivot": [0.2064, 22.09836, -1],
					"cubes": [
						{
							"origin": [-0.75, 22.93934, -5.09534],
							"size": [2, 2, 1],
							"inflate": 0.1,
							"uv": {
								"north": {"uv": [0, 0], "uv_size": [9, 9]},
								"east": {"uv": [12, 0], "uv_size": [1, 2]},
								"south": {"uv": [13, 0], "uv_size": [2, 2]},
								"west": {"uv": [11, 0], "uv_size": [1, 2]},
								"up": {"uv": [9, 0], "uv_size": [2, 1]},
								"down": {"uv": [10, 2], "uv_size": [2, -1]}
							}
						}
					]
				},
				{
					"name": "armorLeftArm",
					"pivot": [12.4564, 24.34836, 0],
					"rotation": [0, 5, 0]
				},
				{
					"name": "armorRightArm",
					"pivot": [-11.5436, 24.34836, 0]
				},
				{
					"name": "armorLeftLeg",
					"pivot": [-2.5436, 13.09836, 1]
				},
				{
					"name": "armorRightLeg",
					"pivot": [2.7064, 13.09836, 1]
				}
			]
		}
	]
}