{
	"format_version": "1.12.0",
	"minecraft:geometry": [
		{
			"description": {
				"identifier": "geometry.armadrillo",
				"texture_width": 128,
				"texture_height": 128,
				"visible_bounds_width": 5,
				"visible_bounds_height": 8,
				"visible_bounds_offset": [0, 3, 0]
			},
			"bones": [
				{
					"name": "armorHead",
					"pivot": [0.4564, 30.09836, -3.6],
					"rotation": [7.5, 0, 0],
					"cubes": [
						{
							"origin": [-1.51275, 28.33289, -5.21524],
							"size": [2.72, 4.37, 2.72],
							"pivot": [0.24725, 29.1566, -3.20815],
							"rotation": [0, -45, 0],
							"uv": {
								"north": {"uv": [40, 6], "uv_size": [6, 10]},
								"east": {"uv": [34, 6], "uv_size": [6, 10]},
								"south": {"uv": [73, 9], "uv_size": [6, 8]},
								"west": {"uv": [73, 9], "uv_size": [6, 8]},
								"up": {"uv": [72.85, 15], "uv_size": [-5.75, -6]},
								"down": {"uv": [67, 17], "uv_size": [-6, -8]}
							}
						},
						{
							"origin": [-1.3296, 28.66053, -5.01975],
							"size": [2.0292, 3.83045, 2.30421],
							"pivot": [0.24725, 29.1566, -3.20815],
							"rotation": [0, -45, 0],
							"uv": {
								"north": {"uv": [24.1, 23.75], "uv_size": [6, 8]},
								"east": {"uv": [24.1, 23.75], "uv_size": [6, 8]},
								"south": {"uv": [24.1, 23.75], "uv_size": [6, 8]},
								"west": {"uv": [24.1, 23.75], "uv_size": [6, 8]},
								"up": {"uv": [30.1, 31.75], "uv_size": [-6, -8]},
								"down": {"uv": [30.1, 31.75], "uv_size": [-6, -8]}
							}
						},
						{"origin": [0.725, 31.9226, -3.97628], "size": [2, 2, 0], "pivot": [1.725, 31.9226, -3.22628], "rotation": [0, -57.5, 0], "uv": [0, 0]},
						{"origin": [-3.475, 31.9976, -5.55128], "size": [2, 2, 0], "pivot": [-2.475, 31.9976, -4.30128], "rotation": [-180, -60, 180], "uv": [0, 0]}
					]
				},
				{
					"name": "face",
					"parent": "armorHead",
					"pivot": [8.81378, 31.83402, -6.43116],
					"cubes": [
						{
							"origin": [2.25407, 31.10462, -5.36531],
							"size": [0.2958, 0.19371, 0.38454],
							"pivot": [1.71378, 31.15902, -5.30616],
							"rotation": [157.72091, -52.46519, -177.12683],
							"uv": {
								"east": {"uv": [23, 51], "uv_size": [1, 1]}
							}
						},
						{
							"origin": [-1.27093, 31.22962, -5.01531],
							"size": [0.2958, 0.19371, 0.38454],
							"pivot": [-0.81122, 30.70902, -4.20616],
							"rotation": [5.28615, -52.05708, 12.76429],
							"uv": {
								"east": {"uv": [23, 51], "uv_size": [1, 1]}
							}
						}
					]
				},
				{
					"name": "armorBody",
					"pivot": [0.2064, 22.09836, -1],
					"cubes": [
						{"origin": [-4.23542, 27.25919, -8.46782], "size": [8.48319, 5.07418, 5.9412], "pivot": [0.15414, 24.99324, -0.74559], "rotation": [107.5, -85, -90], "uv": [0, 41]},
						{"origin": [-3.74777, 27.25919, -8.46782], "size": [8.48319, 5.07418, 5.9412], "pivot": [0.34586, 24.99324, -0.74559], "rotation": [107.5, 85, 90], "uv": [0, 41], "mirror": true},
						{"origin": [-4.43754, 19.59188, -9.48743], "size": [8.48743, 7.42651, 16.97486], "pivot": [-0.04586, 24.99324, -0.74559], "rotation": [90, -85, -90], "uv": [0, 0]},
						{"origin": [-3.37661, 15.44818, -5.86557], "size": [6.36557, 5.2437, 12.73115], "pivot": [-0.04586, 26.09324, 0.75441], "rotation": [-90, -87.5, 90], "uv": [0, 24]},
						{"origin": [-2.77995, 25.74209, -4.39497], "size": [3.18278, 3.71325, 6.36557], "pivot": [-0.29586, 24.99324, -0.74559], "rotation": [-90, -39.5, 90], "uv": [64, 32]},
						{"origin": [-2.77787, 25.85137, -4.39497], "size": [4.77418, 3.71325, 6.36557], "pivot": [-0.29586, 24.99324, -0.74559], "rotation": [90, -85, -90], "uv": [0, 51]},
						{"origin": [-1.11119, 25.93954, -4.39497], "size": [3.18278, 3.71325, 6.36557], "pivot": [-0.29586, 24.99324, -0.74559], "rotation": [90, -29.5, -90], "uv": [38, 64]},
						{"origin": [6.41175, 13.43609, -1.2439], "size": [4.73171, 3.10976, 2.48781], "pivot": [-0.04586, 26.49324, 0.25441], "rotation": [-90, -67.5, 90], "uv": [29, 74]},
						{"origin": [14.77984, 23.05575, -1.08842], "size": [3.10976, 2.17683, 2.17683], "pivot": [-0.04586, 26.49324, 0.25441], "rotation": [-90, -30, 90], "uv": [52, 79]},
						{"origin": [16.76286, 30.7421, -0.93293], "size": [5.90854, 2.17683, 1.86586], "pivot": [-0.04586, 26.49324, 0.25441], "rotation": [-90, -5, 90], "uv": [38, 59]},
						{"origin": [18.38841, 12.63002, -0.77744], "size": [5.28659, 2.17683, 1.55488], "pivot": [-0.04586, 26.49324, 0.25441], "rotation": [-90, -52.5, 90], "uv": [41, 74]}
					]
				},
				{
					"name": "Waist",
					"parent": "armorBody",
					"pivot": [-0.04586, 26.19324, 1.35441],
					"rotation": [-5, 0, 0],
					"cubes": [
						{
							"origin": [-1.56442, 11.94343, -2.25825],
							"size": [3.6412, 4.10474, 6.844],
							"pivot": [-0.04586, 25.69324, 1.35441],
							"rotation": [0, -90, 0],
							"uv": {
								"north": {"uv": [97, 21], "uv_size": [7, 4]},
								"east": {"uv": [97, 21], "uv_size": [7, 4]},
								"south": {"uv": [97, 21], "uv_size": [7, 4]},
								"west": {"uv": [97, 21], "uv_size": [7, 4]},
								"down": {"uv": [90, 32], "uv_size": [6, 4]}
							}
						},
						{
							"origin": [-1.66442, 14.64343, -2.35825],
							"size": [3.8412, 0.80474, 7.044],
							"pivot": [-0.04586, 25.39324, 1.35441],
							"rotation": [0, -90, 0],
							"uv": {
								"north": {"uv": [56, 17], "uv_size": [5, 1]},
								"east": {"uv": [49, 17], "uv_size": [7, 1]},
								"south": {"uv": [68, 17], "uv_size": [5, 1]},
								"west": {"uv": [61, 17], "uv_size": [7, 1]},
								"down": {"uv": [100, 18], "uv_size": [6, 4]}
							}
						},
						{
							"origin": [-1.66442, 13.24343, -2.35825],
							"size": [3.8412, 0.80474, 7.044],
							"pivot": [-0.04586, 23.99324, 1.35441],
							"rotation": [0, -90, 0],
							"uv": {
								"north": {"uv": [56, 17], "uv_size": [5, 1]},
								"east": {"uv": [49, 17], "uv_size": [7, 1]},
								"south": {"uv": [68, 17], "uv_size": [5, 1]},
								"west": {"uv": [73, 17], "uv_size": [7, 1]},
								"down": {"uv": [100, 18], "uv_size": [6, 4]}
							}
						}
					]
				},
				{
					"name": "armorLeftArm",
					"pivot": [12.7064, 27.12336, -1.55]
				},
				{
					"name": "LeftArmRot",
					"parent": "armorLeftArm",
					"pivot": [13.17283, 19.05969, -1.57954],
					"rotation": [-0.10912, 2.49762, -10.00238],
					"cubes": [
						{"origin": [11.21035, 26.70972, -2.1868], "size": [2, 2, 2], "pivot": [12.93991, 17.86427, -0.66988], "rotation": [-1.31146, 7.38497, -0.1274], "uv": [0, 0]},
						{
							"origin": [8.80879, 23.34278, -4.73758],
							"size": [7.63816, 6.11053, 6.87434],
							"pivot": [12.72887, 25.52324, -0.82121],
							"rotation": [0, -90, 0],
							"uv": {
								"north": {"uv": [43, 30], "uv_size": [7, 6]},
								"east": {"uv": [37, 30], "uv_size": [6, 6]},
								"south": {"uv": [0, 2], "uv_size": [2, 2]},
								"west": {"uv": [50, 30], "uv_size": [6, 6]},
								"up": {"uv": [43, 43], "uv_size": [7, -6]},
								"down": {"uv": [50, 30], "uv_size": [7, -6]}
							}
						},
						{
							"origin": [8.61852, 5.17437, -10.65574],
							"size": [7.63816, 17.56776, 7.63816],
							"pivot": [12.93991, 17.86427, -0.66988],
							"rotation": [-105.67507, -2.85141, -179.17929],
							"uv": {
								"north": {"uv": [0, 81], "uv_size": [8, 18]},
								"east": {"uv": [9, 81], "uv_size": [8, 18]},
								"south": {"uv": [0, 81], "uv_size": [8, 18]},
								"west": {"uv": [0, 81], "uv_size": [8, 18]},
								"up": {"uv": [39, 84], "uv_size": [8, 8]},
								"down": {"uv": [48, 92], "uv_size": [8, -8]}
							}
						},
						{
							"origin": [15.55178, 6.50165, -4.59976],
							"size": [6.87434, 15.81098, 6.87434],
							"pivot": [12.93991, 17.86427, -0.66988],
							"rotation": [-85.97804, -16.06751, 87.82843],
							"uv": {
								"north": {"uv": [54, 50], "uv_size": [8, 18]},
								"east": {"uv": [54, 50], "uv_size": [8, 18]},
								"south": {"uv": [54, 50], "uv_size": [8, 18]},
								"west": {"uv": [62, 50], "uv_size": [-8, 18]}
							}
						},
						{"origin": [10.18181, 14.23816, -3.29491], "size": [4.5829, 10.13226, 4.5829], "pivot": [12.93991, 17.86427, -0.66988], "rotation": [-28.5964, -87.28196, 28.6105], "uv": [12, 101]}
					]
				},
				{
					"name": "drill2",
					"parent": "LeftArmRot",
					"pivot": [13.83887, 9.64194, -7.65449],
					"rotation": [2.5, 0, 0],
					"cubes": [
						{
							"origin": [8.70188, 4.29346, -7.49119],
							"size": [0, 8.25, 6.25],
							"pivot": [12.93991, 17.55178, -0.31787],
							"rotation": [-105.23321, 3.56585, -141.65113],
							"uv": {
								"east": {"uv": [39, 92], "uv_size": [7, 9]}
							}
						},
						{
							"origin": [16.14085, 4.34471, -8.34604],
							"size": [0, 8.25, 6.25],
							"pivot": [12.93991, 17.55178, -0.31787],
							"rotation": [-92.0742, -15.98233, 131.95816],
							"uv": {
								"east": {"uv": [46, 92], "uv_size": [-7, 9]}
							}
						}
					]
				},
				{
					"name": "leftpiston",
					"parent": "LeftArmRot",
					"pivot": [12.70457, 13.96318, 7.88958],
					"cubes": [
						{"origin": [9.63615, 26.06663, -9.30554], "size": [5.60289, 2.78722, 4.83908], "pivot": [12.93991, 17.86427, -0.66988], "rotation": [-105.67507, -2.85141, -179.17929], "uv": [64, 42]},
						{
							"origin": [10.65616, 16.63161, -8.79554],
							"size": [3.56289, 11.45723, 3.81907],
							"pivot": [12.93991, 17.86427, -0.66988],
							"rotation": [-105.67507, -2.85141, -179.17929],
							"uv": {
								"north": {"uv": [66, 69], "uv_size": [3, 9]},
								"east": {"uv": [66, 69], "uv_size": [3, 9]},
								"south": {"uv": [66, 69], "uv_size": [3, 9]},
								"west": {"uv": [66, 69], "uv_size": [3, 9]},
								"up": {"uv": [69, 78], "uv_size": [-3, -9]},
								"down": {"uv": [69, 78], "uv_size": [-3, -9]}
							}
						}
					]
				},
				{
					"name": "hand2",
					"parent": "LeftArmRot",
					"pivot": [14.16886, 7.99702, -11.60175],
					"cubes": [
						{
							"origin": [9.38233, 3.77306, -10.22272],
							"size": [6.11053, 1.40132, 6.6446],
							"pivot": [12.93991, 17.86427, -0.66988],
							"rotation": [-105.67507, -2.85141, -179.17929],
							"uv": {
								"north": {"uv": [30, 48], "uv_size": [6, 1]},
								"east": {"uv": [49, 21], "uv_size": [7, 1]},
								"south": {"uv": [57, 21], "uv_size": [6, 1]},
								"west": {"uv": [76, 6], "uv_size": [7, 1]},
								"up": {"uv": [87, 0], "uv_size": [6, 7]},
								"down": {"uv": [87, 15], "uv_size": [6, -7]}
							}
						}
					]
				},
				{
					"name": "armorRightArm",
					"pivot": [-12.1564, 27.12336, -1]
				},
				{
					"name": "RightArmRot",
					"parent": "armorRightArm",
					"pivot": [-13.11889, 19.47333, -1.64274],
					"rotation": [-0.43502, -2.47629, 12.49514],
					"cubes": [
						{
							"origin": [-16.393, 23.75642, -4.80078],
							"size": [7.63816, 6.11053, 6.87434],
							"pivot": [-12.67492, 25.93688, -0.88441],
							"rotation": [0, 90, 0],
							"uv": {
								"north": {"uv": [50, 30], "uv_size": [-7, 6]},
								"east": {"uv": [56, 30], "uv_size": [-6, 6]},
								"south": {"uv": [2, 2], "uv_size": [-2, 2]},
								"west": {"uv": [43, 30], "uv_size": [-6, 6]},
								"up": {"uv": [50, 43], "uv_size": [-7, -6]},
								"down": {"uv": [57, 30], "uv_size": [-7, -6]}
							}
						},
						{
							"origin": [-15.5743, 5.84413, -10.82614],
							"size": [7.63816, 17.56776, 7.63816],
							"pivot": [-12.56195, 18.24466, -0.79903],
							"rotation": [-105.78383, 2.86082, 179.23801],
							"uv": {
								"north": {"uv": [8, 81], "uv_size": [-8, 18]},
								"east": {"uv": [8, 81], "uv_size": [-8, 18]},
								"south": {"uv": [8, 81], "uv_size": [-8, 18]},
								"west": {"uv": [17, 81], "uv_size": [-8, 18]},
								"up": {"uv": [47, 84], "uv_size": [-8, 8]},
								"down": {"uv": [56, 92], "uv_size": [-8, -8]}
							}
						},
						{
							"origin": [-22.10313, 7.17339, -5.02924],
							"size": [6.87434, 15.81098, 6.87434],
							"pivot": [-12.56195, 18.24466, -0.79903],
							"rotation": [-85.96235, 16.17549, -87.75994],
							"uv": {
								"north": {"uv": [62, 50], "uv_size": [-8, 18]},
								"east": {"uv": [54, 50], "uv_size": [8, 18]},
								"south": {"uv": [62, 50], "uv_size": [-8, 18]},
								"west": {"uv": [62, 50], "uv_size": [-8, 18]}
							}
						},
						{"origin": [-14.6732, 14.6589, -3.73135], "size": [4.5829, 10.13226, 4.5829], "pivot": [-12.56195, 18.24466, -0.79903], "rotation": [-26.44496, 87.32239, -26.3973], "uv": [12, 101], "mirror": true},
						{"origin": [-13.11354, 27.13046, -2.0038], "size": [2, 2, 2], "pivot": [-12.56195, 18.24466, -0.79903], "rotation": [-1.2021, -7.39617, 0.17747], "uv": [0, 0], "mirror": true}
					]
				},
				{
					"name": "hand",
					"parent": "RightArmRot",
					"pivot": [-13.92492, 6.43688, -9.79981],
					"cubes": [
						{
							"origin": [-14.81048, 4.44282, -10.39312],
							"size": [6.11053, 1.40132, 6.6446],
							"pivot": [-12.56195, 18.24466, -0.79903],
							"rotation": [-105.78383, 2.86082, 179.23801],
							"uv": {
								"north": {"uv": [36, 48], "uv_size": [-6, 1]},
								"east": {"uv": [83, 6], "uv_size": [-7, 1]},
								"south": {"uv": [63, 21], "uv_size": [-6, 1]},
								"west": {"uv": [56, 21], "uv_size": [-7, 1]},
								"up": {"uv": [93, 0], "uv_size": [-6, 7]},
								"down": {"uv": [93, 15], "uv_size": [-6, -7]}
							}
						}
					]
				},
				{
					"name": "rightpiston",
					"parent": "RightArmRot",
					"pivot": [-11.23997, 18.3414, 6.22505],
					"cubes": [
						{"origin": [-14.55666, 26.73639, -9.47594], "size": [5.60289, 2.78722, 4.83908], "pivot": [-12.56195, 18.24466, -0.79903], "rotation": [-105.78383, 2.86082, 179.23801], "uv": [64, 42], "mirror": true},
						{
							"origin": [-13.53667, 17.30137, -8.96594],
							"size": [3.56289, 11.45723, 3.81907],
							"pivot": [-12.56195, 18.24466, -0.79903],
							"rotation": [-105.78383, 2.86082, 179.23801],
							"uv": {
								"north": {"uv": [69, 69], "uv_size": [-3, 9]},
								"east": {"uv": [69, 69], "uv_size": [-3, 9]},
								"south": {"uv": [69, 69], "uv_size": [-3, 9]},
								"west": {"uv": [69, 69], "uv_size": [-3, 9]},
								"up": {"uv": [66, 78], "uv_size": [3, -9]},
								"down": {"uv": [66, 78], "uv_size": [3, -9]}
							}
						}
					]
				},
				{
					"name": "drill",
					"parent": "RightArmRot",
					"pivot": [-13.14257, 5.35021, -10.91785],
					"rotation": [2.5, 0, 0],
					"cubes": [
						{
							"origin": [-8.07068, 4.84028, -7.28036],
							"size": [0, 8.25, 6.25],
							"pivot": [-12.56195, 17.79101, -0.24621],
							"rotation": [-105.32353, -3.62675, 141.72135],
							"uv": {
								"west": {"uv": [46, 92], "uv_size": [-7, 9]}
							}
						},
						{
							"origin": [-15.61805, 4.90369, -8.50865],
							"size": [0, 8.25, 6.25],
							"pivot": [-12.56195, 17.79101, -0.24621],
							"rotation": [-92.14336, 16.06844, -131.9127],
							"uv": {
								"west": {"uv": [39, 92], "uv_size": [7, 9]}
							}
						}
					]
				},
				{
					"name": "armorLeftLeg",
					"pivot": [-2.4686, 12.94836, 0.1]
				},
				{
					"name": "LeftLegRot",
					"parent": "armorLeftLeg",
					"pivot": [3.43224, 8.08214, -2.72788],
					"rotation": [-27.52235, -2.21737, -13.84505],
					"cubes": [
						{"origin": [-0.26011, 0.11032, -19.55983], "size": [4.24372, 4.77371, 3.71325], "pivot": [2.12914, 22.59324, -14.04559], "rotation": [104.57189, -51.40274, -99.28848], "uv": [0, 72]},
						{"origin": [3.06122, 7.02275, -0.35087], "size": [3.18279, 6.69278, 2.65232], "pivot": [5.32914, 26.59324, -1.14559], "rotation": [-176.49345, -78.68747, 176.66548], "uv": [95, 70]},
						{"origin": [0.13989, 0.21032, -23.15983], "size": [1.74372, 2.77371, 2.81325], "pivot": [2.62914, 19.69324, -18.04559], "rotation": [101.30003, -36.77336, -94.62552], "uv": [4, 76]}
					]
				},
				{
					"name": "HalfLeg",
					"parent": "LeftLegRot",
					"pivot": [4.72914, 25.39324, -11.54559],
					"rotation": [26.85208, -15.92907, 7.08798],
					"cubes": [
						{"origin": [6.72501, -1.9482, -14.92435], "size": [3.5, 2, 2], "uv": [0, 103]},
						{"origin": [2.03706, -1.92552, -17.4506], "size": [5.10001, 4.63, 4.46251], "pivot": [4.72914, 25.39324, -11.54559], "rotation": [0, -90, 0], "uv": [0, 61]}
					]
				},
				{
					"name": "armorRightLeg",
					"pivot": [2.9436, 13.12336, 0.2]
				},
				{
					"name": "RightLegRot",
					"parent": "armorRightLeg",
					"pivot": [-2.95724, 8.00714, -2.62788],
					"rotation": [-27.3942, -2.23379, 14.27261],
					"cubes": [
						{"origin": [-3.50861, 0.03532, -19.45983], "size": [4.24372, 4.77371, 3.71325], "pivot": [-1.65414, 22.51824, -13.94559], "rotation": [104.57189, 51.40274, 99.28848], "uv": [0, 72], "mirror": true},
						{"origin": [-5.76901, 6.94775, -0.25087], "size": [3.18279, 6.69278, 2.65232], "pivot": [-4.85414, 26.51824, -1.04559], "rotation": [-176.49345, 78.68747, -176.66548], "uv": [95, 70], "mirror": true},
						{"origin": [-1.40861, 0.13532, -23.05983], "size": [1.74372, 2.77371, 2.81325], "pivot": [-2.15414, 19.61824, -17.94559], "rotation": [101.30003, 36.77336, 94.62552], "uv": [4, 76], "mirror": true}
					]
				},
				{
					"name": "HalfLeg2",
					"parent": "RightLegRot",
					"pivot": [-4.25414, 25.31824, -11.44559],
					"rotation": [26.85208, 15.92907, -7.08798],
					"cubes": [
						{"origin": [-9.75001, -2.0232, -14.82435], "size": [3.5, 2, 2], "uv": [0, 103], "mirror": true},
						{"origin": [-6.66207, -2.00052, -17.3506], "size": [5.10001, 4.63, 4.46251], "pivot": [-4.25414, 25.31824, -11.44559], "rotation": [0, 90, 0], "uv": [0, 61], "mirror": true}
					]
				}
			]
		}
	]
}