{
	"format_version": "1.12.0",
	"minecraft:geometry": [
		{
			"description": {
				"identifier": "geometry.armadrillo",
				"texture_width": 128,
				"texture_height": 128,
				"visible_bounds_width": 5,
				"visible_bounds_height": 8,
				"visible_bounds_offset": [0, 3, 0]
			},
			"bones": [
				{
					"name": "armorHead",
					"pivot": [-0.0436, 29.82336, -3.85],
					"rotation": [7.5, 0, 0],
					"cubes": [
						{
							"origin": [-1.76275, 28.76885, -5.11949],
							"size": [2.72, 4.37, 2.72],
							"pivot": [-0.00275, 29.59256, -3.1124],
							"rotation": [0, -45, 0],
							"uv": {
								"north": {"uv": [40, 6], "uv_size": [6, 10]},
								"east": {"uv": [34, 6], "uv_size": [6, 10]},
								"south": {"uv": [73, 9], "uv_size": [6, 8]},
								"west": {"uv": [73, 9], "uv_size": [6, 8]},
								"up": {"uv": [72.85, 15], "uv_size": [-5.75, -6]},
								"down": {"uv": [67, 17], "uv_size": [-6, -8]}
							}
						},
						{
							"origin": [-1.5796, 29.09649, -4.924],
							"size": [2.0292, 3.83045, 2.30421],
							"pivot": [-0.00275, 29.59256, -3.1124],
							"rotation": [0, -45, 0],
							"uv": {
								"north": {"uv": [24.1, 23.75], "uv_size": [6, 8]},
								"east": {"uv": [24.1, 23.75], "uv_size": [6, 8]},
								"south": {"uv": [24.1, 23.75], "uv_size": [6, 8]},
								"west": {"uv": [24.1, 23.75], "uv_size": [6, 8]},
								"up": {"uv": [30.1, 31.75], "uv_size": [-6, -8]},
								"down": {"uv": [30.1, 31.75], "uv_size": [-6, -8]}
							}
						},
						{"origin": [0.475, 32.35856, -3.88053], "size": [2, 2, 0], "pivot": [1.475, 32.35856, -3.13053], "rotation": [0, -57.5, 0], "uv": [0, 0]},
						{"origin": [-3.725, 32.43356, -5.45553], "size": [2, 2, 0], "pivot": [-2.725, 32.43356, -4.20553], "rotation": [-180, -60, 180], "uv": [0, 0]}
					]
				},
				{
					"name": "face",
					"parent": "armorHead",
					"pivot": [8.56378, 32.26998, -6.33541],
					"cubes": [
						{
							"origin": [2.00407, 31.54058, -5.26956],
							"size": [0.2958, 0.19371, 0.38454],
							"pivot": [1.46378, 31.59498, -5.21041],
							"rotation": [157.72091, -52.46519, -177.12683],
							"uv": {
								"east": {"uv": [23, 51], "uv_size": [1, 1]}
							}
						},
						{
							"origin": [-1.52093, 31.66558, -4.91956],
							"size": [0.2958, 0.19371, 0.38454],
							"pivot": [-1.06122, 31.14498, -4.11041],
							"rotation": [5.28615, -52.05708, 12.76429],
							"uv": {
								"east": {"uv": [23, 51], "uv_size": [1, 1]}
							}
						}
					]
				},
				{
					"name": "armorBody",
					"pivot": [-0.2186, 23.57336, -1],
					"cubes": [
						{"origin": [-4.23542, 27.73419, -8.46782], "size": [8.48319, 5.07418, 5.9412], "pivot": [0.15414, 25.46824, -0.74559], "rotation": [107.5, -85, -90], "uv": [0, 41]},
						{"origin": [-4.53542, 27.45098, 0.57404], "size": [8.48319, 5.27418, 5.9412], "pivot": [-0.14586, 25.46824, -0.74559], "rotation": [72.5, -85, -90], "uv": [49, 0]},
						{"origin": [-4.43754, 20.06688, -9.48743], "size": [8.48743, 7.42651, 16.97486], "pivot": [-0.04586, 25.46824, -0.74559], "rotation": [90, -85, -90], "uv": [0, 0]},
						{"origin": [-3.37661, 15.92318, -5.86557], "size": [6.36557, 5.2437, 12.73115], "pivot": [-0.04586, 26.56824, 0.75441], "rotation": [-90, -87.5, 90], "uv": [0, 24]},
						{"origin": [-2.77995, 26.21709, -4.39497], "size": [3.18278, 3.71325, 6.36557], "pivot": [-0.29586, 25.46824, -0.74559], "rotation": [-90, -39.5, 90], "uv": [64, 32]},
						{"origin": [-2.77787, 26.32637, -4.39497], "size": [4.77418, 3.71325, 6.36557], "pivot": [-0.29586, 25.46824, -0.74559], "rotation": [90, -85, -90], "uv": [0, 51]},
						{"origin": [-1.11119, 26.41454, -4.39497], "size": [3.18278, 3.71325, 6.36557], "pivot": [-0.29586, 25.46824, -0.74559], "rotation": [90, -29.5, -90], "uv": [38, 64]},
						{"origin": [7.41175, 13.91109, -1.2439], "size": [3.73171, 3.10976, 2.48781], "pivot": [-0.04586, 26.96824, 0.25441], "rotation": [-90, -67.5, 90], "uv": [30, 74]},
						{"origin": [14.77984, 23.53075, -1.08842], "size": [3.10976, 2.17683, 2.17683], "pivot": [-0.04586, 26.96824, 0.25441], "rotation": [-90, -30, 90], "uv": [52, 79]},
						{"origin": [16.76286, 31.2171, -0.93293], "size": [5.90854, 2.17683, 1.86586], "pivot": [-0.04586, 26.96824, 0.25441], "rotation": [-90, -5, 90], "uv": [38, 59]},
						{"origin": [18.38841, 13.10502, -0.77744], "size": [5.28659, 2.17683, 1.55488], "pivot": [-0.04586, 26.96824, 0.25441], "rotation": [-90, -52.5, 90], "uv": [41, 74]},
						{"origin": [-0.7936, 14.57336, -2.9], "size": [2, 2, 6.2], "uv": [2, 12]}
					]
				},
				{
					"name": "Waist",
					"parent": "armorBody",
					"pivot": [-0.04586, 26.66824, 1.35441],
					"rotation": [-5, 0, 0],
					"cubes": [
						{"origin": [-3.37661, 11.95307, -2.82544], "size": [6.36557, 1.3089, 7.85088], "pivot": [-0.04586, 26.66824, 1.35441], "rotation": [0, -90, 0], "uv": [27, 50]},
						{"origin": [-3.37661, 13.24362, -2.82544], "size": [6.36557, 1.46439, 2.56429], "pivot": [-0.04586, 26.66824, 1.35441], "rotation": [0, -90, 0], "uv": [71, 56]},
						{
							"origin": [-3.16442, 12.71843, -2.35825],
							"size": [5.9412, 3.80474, 7.044],
							"pivot": [-0.04586, 26.16824, 1.35441],
							"rotation": [0, -90, 0],
							"uv": {
								"north": {"uv": [56, 17], "uv_size": [5, 3]},
								"east": {"uv": [49, 17], "uv_size": [7, 3]},
								"south": {"uv": [68, 17], "uv_size": [5, 3]},
								"west": {"uv": [61, 17], "uv_size": [7, 3]}
							}
						},
						{"origin": [-3.37661, 13.24362, 2.46115], "size": [6.36557, 1.46439, 2.56429], "pivot": [-0.04586, 26.66824, 1.35441], "rotation": [0, -90, 0], "uv": [71, 60]}
					]
				},
				{
					"name": "armorLeftArm",
					"pivot": [11.9564, 26.82336, -1]
				},
				{
					"name": "armorLeftArmRot",
					"parent": "armorLeftArm",
					"pivot": [11.9814, 26.82336, -1.25],
					"rotation": [1.08705, 0.02327, -7.45259],
					"cubes": [
						{
							"origin": [7.94431, 23.72697, -4.52894],
							"size": [7.63816, 6.11053, 6.87434],
							"pivot": [11.76339, 26.78223, -1.09177],
							"rotation": [0, -90, 0],
							"uv": {
								"north": {"uv": [43, 30], "uv_size": [7, 6]},
								"east": {"uv": [37, 30], "uv_size": [6, 6]},
								"west": {"uv": [50, 30], "uv_size": [6, 6]},
								"up": {"uv": [43, 43], "uv_size": [7, -6]},
								"down": {"uv": [50, 30], "uv_size": [7, -6]}
							}
						},
						{
							"origin": [8.81463, 6.38747, -8.23911],
							"size": [7.63816, 17.56776, 7.63816],
							"pivot": [11.53552, 12.44528, -2.85619],
							"rotation": [179.34312, 2.04472, -174.03035],
							"uv": {
								"north": {"uv": [0, 81], "uv_size": [8, 18]},
								"east": {"uv": [9, 81], "uv_size": [8, 18]},
								"south": {"uv": [0, 81], "uv_size": [8, 18]},
								"west": {"uv": [0, 81], "uv_size": [8, 18]},
								"up": {"uv": [39, 84], "uv_size": [8, 8]},
								"down": {"uv": [48, 92], "uv_size": [8, -8]}
							}
						},
						{
							"origin": [9.85297, 6.23988, -0.97494],
							"size": [6.87434, 15.81098, 6.87434],
							"pivot": [13.69401, 12.6992, -0.8125],
							"rotation": [88.66967, -88.81147, -82.2056],
							"uv": {
								"north": {"uv": [54, 50], "uv_size": [8, 18]},
								"east": {"uv": [54, 50], "uv_size": [8, 18]},
								"south": {"uv": [54, 50], "uv_size": [8, 18]},
								"west": {"uv": [62, 50], "uv_size": [-8, 18]},
								"up": {"uv": [62, 68], "uv_size": [-8, -18]},
								"down": {"uv": [62, 68], "uv_size": [-8, -18]}
							}
						}
					]
				},
				{
					"name": "hand2",
					"parent": "armorLeftArmRot",
					"pivot": [12.53419, 6.40743, -9.90617],
					"cubes": [
						{
							"origin": [9.57844, 4.98616, -7.80609],
							"size": [6.11053, 1.40132, 6.6446],
							"pivot": [11.53552, 12.44528, -2.85619],
							"rotation": [179.34312, 2.04472, -174.03035],
							"uv": {
								"north": {"uv": [30, 48], "uv_size": [6, 1]},
								"east": {"uv": [49, 21], "uv_size": [7, 1]},
								"south": {"uv": [57, 21], "uv_size": [6, 1]},
								"west": {"uv": [76, 6], "uv_size": [7, 1]},
								"up": {"uv": [87, 0], "uv_size": [6, 7]},
								"down": {"uv": [87, 15], "uv_size": [6, -7]}
							}
						}
					]
				},
				{
					"name": "leftpiston",
					"parent": "armorLeftArmRot",
					"pivot": [9.84924, 18.31195, 6.11869],
					"cubes": [
						{"origin": [9.83226, 27.27973, -6.88891], "size": [5.60289, 2.78722, 4.83908], "pivot": [11.53552, 12.44528, -2.85619], "rotation": [179.34312, 2.04472, -174.03035], "uv": [64, 42]},
						{
							"origin": [10.85227, 17.84471, -6.37891],
							"size": [3.56289, 11.45723, 3.81907],
							"pivot": [11.53552, 12.44528, -2.85619],
							"rotation": [179.34312, 2.04472, -174.03035],
							"uv": {
								"north": {"uv": [66, 69], "uv_size": [3, 9]},
								"east": {"uv": [66, 69], "uv_size": [3, 9]},
								"south": {"uv": [66, 69], "uv_size": [3, 9]},
								"west": {"uv": [66, 69], "uv_size": [3, 9]},
								"up": {"uv": [69, 78], "uv_size": [-3, -9]},
								"down": {"uv": [69, 78], "uv_size": [-3, -9]}
							}
						}
					]
				},
				{
					"name": "drill2",
					"parent": "armorLeftArmRot",
					"pivot": [11.75184, 5.32076, -11.02421],
					"rotation": [2.5, 0, 0],
					"cubes": [
						{
							"origin": [11.10996, 5.72191, -9.14035],
							"size": [0, 9.57, 7.25],
							"pivot": [11.53552, 12.44528, -2.85619],
							"rotation": [-178.80011, 39.75078, -169.5144],
							"uv": {
								"east": {"uv": [39, 92], "uv_size": [7, 9]}
							}
						},
						{
							"origin": [13.55275, 5.61945, -7.248],
							"size": [0, 9.57, 7.25],
							"pivot": [11.53552, 12.44528, -2.85619],
							"rotation": [-177.37123, -47.76828, -169.8749],
							"uv": {
								"east": {"uv": [46, 92], "uv_size": [-7, 9]}
							}
						}
					]
				},
				{
					"name": "armorRightArm",
					"pivot": [-10.89454, 27.4003, -1.14945]
				},
				{
					"name": "armorRightArmRot",
					"parent": "armorRightArm",
					"pivot": [-10.89454, 27.4003, -1.39945],
					"rotation": [-167.5, -82.5, -180],
					"cubes": [
						{"origin": [-14.17758, 23.65223, -4.65208], "size": [7.63816, 6.11053, 6.87434], "pivot": [-10.3585, 26.70749, -1.21491], "rotation": [-5.15874, 7.04533, -2.57816], "uv": [37, 37]},
						{
							"origin": [-13.54835, 6.4597, -7.61021],
							"size": [7.63816, 17.56776, 7.63816],
							"pivot": [-9.78774, 13.68203, -2.51147],
							"rotation": [-10.70468, 5.97969, -2.33783],
							"uv": {
								"north": {"uv": [0, 81], "uv_size": [8, 18]},
								"east": {"uv": [0, 81], "uv_size": [8, 18]},
								"south": {"uv": [9, 81], "uv_size": [8, 18]},
								"west": {"uv": [0, 81], "uv_size": [8, 18]},
								"up": {"uv": [39, 84], "uv_size": [8, 8]},
								"down": {"uv": [48, 92], "uv_size": [8, -8]}
							}
						},
						{
							"origin": [-13.11416, 6.93808, -7.29159],
							"size": [6.87435, 15.81098, 6.87435],
							"pivot": [-9.78774, 12.68203, 0.48853],
							"rotation": [-10.70468, 5.97969, -2.33783],
							"uv": {
								"north": {"uv": [54, 50], "uv_size": [8, 18]},
								"east": {"uv": [54, 50], "uv_size": [8, 18]},
								"south": {"uv": [54, 50], "uv_size": [8, 18]},
								"west": {"uv": [54, 50], "uv_size": [8, 18]},
								"up": {"uv": [62, 68], "uv_size": [-8, -18]},
								"down": {"uv": [62, 68], "uv_size": [-8, -18]}
							}
						}
					]
				},
				{
					"name": "hand",
					"parent": "armorRightArmRot",
					"pivot": [-10.51606, 5.82719, -9.54185],
					"cubes": [
						{
							"origin": [-16.9778, 4.44128, -2.003],
							"size": [6.11053, 1.40131, 6.6446],
							"pivot": [-9.78774, 12.68203, 0.48853],
							"rotation": [-71.60106, -78.7735, 70.05731],
							"uv": {
								"north": {"uv": [83, 75], "uv_size": [6, 1]},
								"east": {"uv": [76, 8], "uv_size": [7, 1]},
								"south": {"uv": [83, 77], "uv_size": [6, 1]},
								"west": {"uv": [83, 73], "uv_size": [7, 1]},
								"up": {"uv": [88, 56], "uv_size": [6, 7]},
								"down": {"uv": [93, 15], "uv_size": [-6, -7]}
							}
						}
					]
				},
				{
					"name": "drill",
					"parent": "armorRightArmRot",
					"pivot": [-11.3202, 4.71709, -11.06482],
					"rotation": [2.5, 0, 0],
					"cubes": [
						{
							"origin": [-12.23249, 4.6877, 0.2378],
							"size": [0, 9.57, 7.25],
							"pivot": [-9.78774, 12.68203, 0.48853],
							"rotation": [-156.55034, -48.20343, 160.00585],
							"uv": {
								"east": {"uv": [39, 92], "uv_size": [7, 9]}
							}
						},
						{
							"origin": [-13.33642, 4.76371, -5.23336],
							"size": [0, 9.57, 7.25],
							"pivot": [-9.78774, 12.68203, 0.48853],
							"rotation": [-17.19505, -40.35153, 10.10644],
							"uv": {
								"east": {"uv": [46, 92], "uv_size": [-7, 9]}
							}
						}
					]
				},
				{
					"name": "rightpiston",
					"parent": "armorRightArmRot",
					"pivot": [-10.69577, 17.87289, 5.35476],
					"rotation": [-0.01754, 2.34914, -0.85553],
					"cubes": [
						{
							"origin": [-15.90668, 17.35365, -0.75598],
							"size": [3.56289, 11.45723, 3.81907],
							"pivot": [-9.78774, 12.68203, 0.48853],
							"rotation": [-72.37623, -79.22694, 71.25202],
							"uv": {
								"north": {"uv": [66, 69], "uv_size": [3, 9]},
								"east": {"uv": [66, 69], "uv_size": [3, 9]},
								"south": {"uv": [66, 69], "uv_size": [3, 9]},
								"west": {"uv": [66, 69], "uv_size": [3, 9]},
								"up": {"uv": [69, 78], "uv_size": [-3, -9]},
								"down": {"uv": [69, 78], "uv_size": [-3, -9]}
							}
						},
						{"origin": [-16.92669, 26.78867, -1.26598], "size": [5.60289, 2.78722, 4.83908], "pivot": [-9.78774, 12.68203, 0.48853], "rotation": [-72.37623, -79.22694, 71.25202], "uv": [71, 49]}
					]
				},
				{
					"name": "armorLeftLeg",
					"pivot": [7.9564, 11.17336, -0.05]
				},
				{
					"name": "armorLeftLegRot",
					"parent": "armorLeftLeg",
					"pivot": [7.2064, 11.67336, -2.175],
					"rotation": [-29.03612, 10.29353, -16.4257],
					"cubes": [
						{"origin": [2.37611, 7.64541, 0.08607], "size": [3.18279, 6.69278, 2.65232], "pivot": [4.64403, 27.2159, -0.70865], "rotation": [-176.49345, -78.68747, 176.66548], "uv": [95, 70]}
					]
				},
				{
					"name": "HalfLeg",
					"parent": "armorLeftLegRot",
					"pivot": [4.04403, 26.0159, -11.10865],
					"rotation": [26.85208, -15.92907, 7.08798],
					"cubes": [
						{"origin": [5.75187, 2.79779, -14.52555], "size": [4.24372, 4.77371, 3.71325], "pivot": [6.93287, 5.36592, -12.11621], "rotation": [102.43222, -83.81464, -105.69851], "uv": [0, 72], "mirror": true},
						{"origin": [6.71733, 5.60128, -13.05548], "size": [1.74372, 2.77371, 2.81325], "pivot": [6.93287, 5.36592, -12.11621], "rotation": [75.67382, 78.69782, 71.30274], "uv": [4, 76], "mirror": true},
						{"origin": [6.0399, -1.32554, -14.48741], "size": [3.5, 2, 2], "uv": [0, 103]},
						{"origin": [1.35195, -1.30286, -17.01366], "size": [5.10001, 4.63, 4.46251], "pivot": [4.04403, 26.0159, -11.10865], "rotation": [0, -90, 0], "uv": [0, 61]}
					]
				},
				{
					"name": "armorRightLeg",
					"pivot": [-8.0564, 11.17336, -0.05]
				},
				{
					"name": "armorRightLegRot",
					"parent": "armorRightLeg",
					"pivot": [-7.3064, 11.67336, -2.3],
					"rotation": [-29.03612, -10.29353, 16.4257],
					"cubes": [
						{"origin": [-5.182, 7.79543, -0.04649], "size": [3.18279, 6.69278, 2.65232], "pivot": [-4.26713, 27.36592, -0.84121], "rotation": [-176.49345, 78.68747, -176.66548], "uv": [95, 70], "mirror": true}
					]
				},
				{
					"name": "HalfLeg2",
					"parent": "armorRightLegRot",
					"pivot": [-3.66713, 26.16592, -11.24121],
					"rotation": [26.85208, 15.92907, -7.08798],
					"cubes": [
						{"origin": [-10.27337, 2.80155, -15.01052], "size": [4.24372, 4.77371, 3.71325], "pivot": [-8.5, 5.4659, -11.73365], "rotation": [88.54491, -80.99579, -87.49076], "uv": [0, 72]},
						{"origin": [-10.40014, 5.93392, -14.59245], "size": [1.74372, 2.77371, 2.81325], "pivot": [-8.5, 5.4659, -11.73365], "rotation": [89.30065, -70.99733, -88.26669], "uv": [4, 76]},
						{"origin": [-9.163, -1.17552, -14.61997], "size": [3.5, 2, 2], "uv": [0, 103], "mirror": true},
						{"origin": [-6.07506, -1.15284, -17.14622], "size": [5.10001, 4.63, 4.46251], "pivot": [-3.66713, 26.16592, -11.24121], "rotation": [0, 90, 0], "uv": [0, 61], "mirror": true}
					]
				}
			]
		}
	]
}